ObjectID,GlobalID,transect,round,survey_date,format_date,start_time,observer1,observer2,temp_f,wind_speed,wind_direction,snow_cover,precipatation,direction_traveled,visability,system_phenology,notes,total_m_WIPT,total_m_ROPT,total_f_WIPT,total_f_ROPT,end_time,CreationDate,Creator,EditDate,Editor,x,y
1,4a328b69-8f0e-439f-a119-0ed6977dbb57,K1,1,5/12/2026 8:00:00 PM,2026/05/12,06:57,Dakota_Walz,Kara_Beer,43.5,11.9,NE,30,no_rain,N,good,0,,18,2,6,0,08:25,5/12/2026 9:00:07 PM,KARABEER@boisestate.edu_boisestate,5/12/2026 9:00:07 PM,KARABEER@boisestate.edu_boisestate,-165.291482015084,64.7138450474104
2,db116e63-c6f0-4bd3-a91a-a7dd0409749a,K2,1,5/12/2026 8:00:00 PM,2026/05/12,08:25,Kara_Beer,Dakota_Walz,45,7.9,E,50,no_rain,N,good,0,,22,1,8,0,10:15,5/12/2026 9:00:08 PM,KARABEER@boisestate.edu_boisestate,5/12/2026 9:00:08 PM,KARABEER@boisestate.edu_boisestate,0,0
3,f0a52b5a-6471-45ee-84f4-c9b17773e8ef,K3,1,5/12/2026 8:00:00 PM,2026/05/12,10:18,Kara_Beer,Dakota_Walz,45,1.2,E,100,no_rain,N,good,0,,27,,9,,11:48,5/12/2026 9:00:09 PM,KARABEER@boisestate.edu_boisestate,5/12/2026 9:00:09 PM,KARABEER@boisestate.edu_boisestate,0,0
4,d81720b7-a97b-4a97-9bcc-9b9987b8e6a5,T1,1,5/13/2026 8:00:00 PM,2026/05/13,06:17,Kara_Beer,Dakota_Walz,43,2.2,NE,20,light_rain,N,good,0,,39,1,8,0,07:56,5/13/2026 8:54:26 PM,KARABEER@boisestate.edu_boisestate,5/13/2026 8:54:26 PM,KARABEER@boisestate.edu_boisestate,0,0
5,dbeea9e4-c2ac-406e-8374-f6961a2e42dd,T2,1,5/13/2026 8:00:00 PM,2026/05/13,08:01,Kara_Beer,Dakota_Walz,45,3.6,NE,10,no_rain,N,good,0,,133,,54,,10:49,5/13/2026 8:54:27 PM,KARABEER@boisestate.edu_boisestate,5/13/2026 8:54:27 PM,KARABEER@boisestate.edu_boisestate,0,0
6,1c493993-f93e-4304-b760-97374f0f8797,K3,2,5/14/2026 8:00:00 PM,2026/05/14,06:53,Dakota_Walz,Kara_Beer,41,1.2,NE,60,no_rain,S,good,0,,63,,20,,08:47,5/14/2026 6:59:07 PM,KARABEER@boisestate.edu_boisestate,5/14/2026 6:59:07 PM,KARABEER@boisestate.edu_boisestate,0,0
7,d850d0a1-cb0c-407f-aab5-1bda6c260e33,K2,2,5/14/2026 8:00:00 PM,2026/05/14,08:55,Dakota_Walz,Kara_Beer,40,1.6,N,100,no_rain,S,good,0,,13,,1,,09:50,5/14/2026 6:59:09 PM,KARABEER@boisestate.edu_boisestate,5/14/2026 6:59:09 PM,KARABEER@boisestate.edu_boisestate,0,0
8,40859a38-c273-47ec-944e-e2ca0fb38605,K1,2,5/14/2026 8:00:00 PM,2026/05/14,09:52,Kara_Beer,Dakota_Walz,45,1.5,N,40,no_rain,S,good,0,,17,,3,,10:48,5/14/2026 6:59:10 PM,KARABEER@boisestate.edu_boisestate,5/14/2026 6:59:10 PM,KARABEER@boisestate.edu_boisestate,-165.291464271839,64.7138336439974
9,3f19a384-0a7b-409e-8d1a-1d4c7a9b78f6,T4,2,5/15/2026 8:00:00 PM,2026/05/15,06:52,Dakota_Walz,Kara_Beer,33,3.2,E,10,no_rain,S,good,0,,105,28,35,15,09:48,5/15/2026 9:05:54 PM,KARABEER@boisestate.edu_boisestate,5/15/2026 9:05:54 PM,KARABEER@boisestate.edu_boisestate,0,0
10,d88d8620-2e78-4b7d-81f9-2a4125a5a88d,T3,2,5/15/2026 8:00:00 PM,2026/05/15,09:52,Kara_Beer,Dakota_Walz,42,4.2,SE,20,no_rain,S,good,0,,142,1,53,1,11:53,5/15/2026 9:05:56 PM,KARABEER@boisestate.edu_boisestate,5/15/2026 9:05:56 PM,KARABEER@boisestate.edu_boisestate,0,0
11,a98922b1-84b1-43aa-a5fa-8c7e34fb606f,T2,2,5/16/2026 8:00:00 PM,2026/05/16,06:47,Kara_Beer,Dakota_Walz,47,8.8,E,40,no_rain,S,good,0,,121,,46,,08:42,5/16/2026 6:31:16 PM,KARABEER@boisestate.edu_boisestate,5/16/2026 6:31:16 PM,KARABEER@boisestate.edu_boisestate,0,0
12,ad918794-3c35-4c20-952a-35681a832103,T1,2,5/16/2026 8:00:00 PM,2026/05/16,08:47,Kara_Beer,Dakota_Walz,50,3,E,10,no_rain,S,good,0,,29,1,7,0,09:50,5/16/2026 6:31:17 PM,KARABEER@boisestate.edu_boisestate,5/16/2026 6:31:17 PM,KARABEER@boisestate.edu_boisestate,0,0
13,bad5df31-17de-4e87-819a-4f6a2faec325,K5,2,5/18/2026 8:00:00 PM,2026/05/18,07:28,Dakota_Walz,Kara_Beer,39,7.9,NE,10,no_rain,S,good,0,,27,,7,,09:06,5/18/2026 8:03:23 PM,KARABEER@boisestate.edu_boisestate,5/18/2026 8:03:23 PM,KARABEER@boisestate.edu_boisestate,0,0
14,a780e73a-a0ad-4ccc-80d7-7600bd581969,K4,2,5/18/2026 8:00:00 PM,2026/05/18,09:09,Kara_Beer,Dakota_Walz,42,3.5,SE,20,no_rain,S,good,0,,56,5,2,0,10:41,5/18/2026 8:03:24 PM,KARABEER@boisestate.edu_boisestate,5/18/2026 8:03:24 PM,KARABEER@boisestate.edu_boisestate,0,0
15,366394fe-2414-44ab-b849-3a19fdb9b8b2,K4,1,5/19/2026 8:00:00 PM,2026/05/19,07:34,Kara_Beer,Dakota_Walz,43,1,NE,20,no_rain,N,good,0,,70,4,6,1,09:19,5/19/2026 8:19:22 PM,KARABEER@boisestate.edu_boisestate,5/19/2026 8:19:22 PM,KARABEER@boisestate.edu_boisestate,0,0
16,3b12db08-0467-4f5b-980b-baba1236ef24,K5,1,5/19/2026 8:00:00 PM,2026/05/19,09:23,Dakota_Walz,Kara_Beer,48,0,N,40,light_rain,N,good,0,,26,,2,,10:38,5/19/2026 8:19:23 PM,KARABEER@boisestate.edu_boisestate,5/19/2026 8:19:23 PM,KARABEER@boisestate.edu_boisestate,0,0
17,450bb728-e1a6-4167-81ab-18001979fde3,T5,1,5/20/2026 8:00:00 PM,2026/05/20,07:28,Dakota_Walz,Kara_Beer,38,2.8,NW,10,no_rain,N,good,0,,61,,8,,08:58,5/22/2026 12:46:30 AM,KARABEER@boisestate.edu_boisestate,5/22/2026 12:46:30 AM,KARABEER@boisestate.edu_boisestate,0,0
18,4aa5f397-9f0e-461c-8649-8fea7bf6079c,T6,1,5/20/2026 8:00:00 PM,2026/05/20,08:59,Kara_Beer,Dakota_Walz,35,7.5,NE,30,no_rain,N,good,0,,37,0,5,0,10:13,5/22/2026 12:46:31 AM,KARABEER@boisestate.edu_boisestate,5/22/2026 12:46:31 AM,KARABEER@boisestate.edu_boisestate,0,0
19,7577516d-6df6-4ac9-a451-200d4dfd976a,K6,2,5/21/2026 8:00:00 PM,2026/05/21,09:23,Kara_Beer,Dakota_Walz,41,1,NE,10,no_rain,S,good,0,,35,,4,,10:31,5/22/2026 12:46:32 AM,KARABEER@boisestate.edu_boisestate,5/22/2026 12:46:32 AM,KARABEER@boisestate.edu_boisestate,0,0
20,a95a8fcd-83fa-48d3-bf07-5b143377c642,T5,2,5/21/2026 8:00:00 PM,2026/05/21,10:31,Kara_Beer,Dakota_Walz,43,3.8,NE,20,no_rain,S,good,0,,41,2,1,0,11:42,5/22/2026 12:46:33 AM,KARABEER@boisestate.edu_boisestate,5/22/2026 12:46:33 AM,KARABEER@boisestate.edu_boisestate,0,0
21,153bce32-3775-4fd3-acc6-01192f5fa8cc,T3,1,5/22/2026 8:00:00 PM,2026/05/22,08:36,Dakota_Walz,Kara_Beer,3.3,47,NE,10,no_rain,N,good,0,,205,4,15,0,11:18,5/23/2026 4:32:35 AM,KARABEER@boisestate.edu_boisestate,5/23/2026 4:32:35 AM,KARABEER@boisestate.edu_boisestate,0,0
22,7234423b-ae5b-4dae-8459-d1d92a62f71e,C1,1,5/24/2026 8:00:00 PM,2026/05/24,07:41,Dakota_Walz,Kara_Beer,43,3.6,NE,10,no_rain,N,good,0,,29,1,1,0,08:42,5/24/2026 11:37:58 PM,KARABEER@boisestate.edu_boisestate,5/24/2026 11:37:58 PM,KARABEER@boisestate.edu_boisestate,0,0
23,fce2a870-5f54-4e0a-ad66-995b448f1880,C2,1,5/24/2026 8:00:00 PM,2026/05/24,08:43,Dakota_Walz,Kara_Beer,41,4.3,N,20,no_rain,N,good,0,,16,6,1,0,09:38,5/24/2026 11:37:59 PM,KARABEER@boisestate.edu_boisestate,5/24/2026 11:37:59 PM,KARABEER@boisestate.edu_boisestate,0,0
24,5d84f82c-e345-4b13-92ab-b749117bd986,C2,2,5/24/2026 8:00:00 PM,2026/05/24,09:54,Dakota_Walz,Kara_Beer,42,5.8,N,30,no_rain,S,good,0,,7,1,0,1,10:50,5/24/2026 11:38:00 PM,KARABEER@boisestate.edu_boisestate,5/24/2026 11:38:00 PM,KARABEER@boisestate.edu_boisestate,0,0
25,2c37a4ac-7c87-458e-af23-61c0d1ae3dcd,C1,2,5/24/2026 8:00:00 PM,2026/05/24,10:52,Dakota_Walz,Kara_Beer,44,4.3,N,10,no_rain,S,good,0,,25,1,1,0,11:50,5/24/2026 11:38:01 PM,KARABEER@boisestate.edu_boisestate,5/24/2026 11:38:01 PM,KARABEER@boisestate.edu_boisestate,0,0
26,7979ee07-53d1-499b-acd4-ac391b6bba72,K6,1,5/25/2026 8:00:00 PM,2026/05/25,08:32,Kara_Beer,Dakota_Walz,32,5,N,0,light_rain,N,good,0,,13,,4,,09:27,5/27/2026 3:46:22 AM,KARABEER@boisestate.edu_boisestate,5/27/2026 3:46:22 AM,KARABEER@boisestate.edu_boisestate,0,0
27,81a9a746-8f48-4215-b0d0-c48754e71c83,K7,1,5/25/2026 8:00:00 PM,2026/05/25,09:27,Kara_Beer,Dakota_Walz,30,5.4,NE,10,no_rain,N,good,0,,40,,4,,10:29,5/27/2026 3:46:23 AM,KARABEER@boisestate.edu_boisestate,5/27/2026 3:46:23 AM,KARABEER@boisestate.edu_boisestate,0,0
28,184e6006-fec2-4965-9d24-8268fee56cad,K7,2,5/25/2026 8:00:00 PM,2026/05/25,10:33,Kara_Beer,Dakota_Walz,37,4.6,N,0,no_rain,S,good,0,,48,,2,,11:39,5/27/2026 3:46:24 AM,KARABEER@boisestate.edu_boisestate,5/27/2026 3:46:24 AM,KARABEER@boisestate.edu_boisestate,0,0
29,54c84ccb-4665-48c8-acd9-c12e41b3b7a8,T4,1,5/29/2026 8:00:00 PM,2026/05/29,08:15,Kara_Beer,Dakota_Walz,50,1.1,W,10,no_rain,N,good,0,,54,15,2,1,09:43,5/29/2026 9:56:21 PM,KARABEER@boisestate.edu_boisestate,5/29/2026 9:56:21 PM,KARABEER@boisestate.edu_boisestate,0,0
30,388e38ea-020a-46b4-82fe-216571ef3642,K6,2,5/31/2026 8:00:00 PM,2026/05/31,09:34,Dakota_Walz,Kara_Beer,48,2.7,SW,0,no_rain,S,good,1,,21,,1,,10:35,6/1/2026 2:54:05 AM,KARABEER@boisestate.edu_boisestate,6/1/2026 2:54:05 AM,KARABEER@boisestate.edu_boisestate,0,0
